num_players,bot_profile,category,key,value
2,heuristic,summary,games,50
2,heuristic,summary,capped_rate_pct,0.0
2,heuristic,summary,decisive_games,50
2,heuristic,summary,capped_games,0
2,heuristic,summary,turns_mean,45.06
2,heuristic,summary,turns_median,41.0
2,heuristic,summary,turns_p10,25.0
2,heuristic,summary,turns_p90,75.1
2,heuristic,summary,minutes_mean,9.012
2,heuristic,summary,minutes_median,8.2
2,heuristic,summary,minutes_p10,5.0
2,heuristic,summary,minutes_p90,15.02
2,heuristic,summary,steals_mean,7.88
2,heuristic,summary,reshuffles_mean,0.0
2,heuristic,summary,starvation_mean,0.14
2,heuristic,seat_win_rate,0,54.0
2,heuristic,seat_win_rate,1,46.0
2,heuristic,recipe_win_rate,ayam_panggang,22.0
2,heuristic,recipe_avg_turns,ayam_panggang,46.1818181818182
2,heuristic,recipe_win_rate,nyama_choma,10.0
2,heuristic,recipe_avg_turns,nyama_choma,51.0
2,heuristic,recipe_win_rate,braai_steak,24.0
2,heuristic,recipe_avg_turns,braai_steak,40.25
2,heuristic,recipe_win_rate,rougay_pwason,12.0
2,heuristic,recipe_avg_turns,rougay_pwason,45.3333333333333
2,heuristic,recipe_win_rate,yassa_poulet,4.0
2,heuristic,recipe_avg_turns,yassa_poulet,73.0
2,heuristic,recipe_win_rate,cari_cabri,2.0
2,heuristic,recipe_avg_turns,cari_cabri,46.0
2,heuristic,recipe_win_rate,ikan_bakar,16.0
2,heuristic,recipe_avg_turns,ikan_bakar,39.75
2,heuristic,recipe_win_rate,akoho_sy_voanio,6.0
2,heuristic,recipe_avg_turns,akoho_sy_voanio,38.6666666666667
2,heuristic,recipe_win_rate,doro_wat,2.0
2,heuristic,recipe_avg_turns,doro_wat,75.0
2,heuristic,recipe_win_rate,jerk_chicken,2.0
2,heuristic,recipe_avg_turns,jerk_chicken,34.0
2,heuristic,tier_win_rate,quick,90.0
2,heuristic,tier_win_rate,feast,10.0
2,heuristic,slot_win_rate,slot0,72.0
2,heuristic,slot_win_rate,slot1,28.0
2,heuristic,starvation_by_card,marinating,7
2,random,summary,games,50
2,random,summary,capped_rate_pct,0.0
2,random,summary,decisive_games,50
2,random,summary,capped_games,0
2,random,summary,turns_mean,123.96
2,random,summary,turns_median,124.5
2,random,summary,turns_p10,81.9
2,random,summary,turns_p90,163.1
2,random,summary,minutes_mean,24.792
2,random,summary,minutes_median,24.9
2,random,summary,minutes_p10,16.38
2,random,summary,minutes_p90,32.62
2,random,summary,steals_mean,8.0
2,random,summary,reshuffles_mean,0.12
2,random,summary,starvation_mean,0.08
2,random,seat_win_rate,1,52.0
2,random,seat_win_rate,0,48.0
2,random,recipe_win_rate,creole_fish_curry,2.0
2,random,recipe_avg_turns,creole_fish_curry,106.0
2,random,recipe_win_rate,ayam_panggang,12.0
2,random,recipe_avg_turns,ayam_panggang,127.333333333333
2,random,recipe_win_rate,jerk_chicken,8.0
2,random,recipe_avg_turns,jerk_chicken,139.0
2,random,recipe_win_rate,rougay_pwason,12.0
2,random,recipe_avg_turns,rougay_pwason,139.666666666667
2,random,recipe_win_rate,sate_padang,4.0
2,random,recipe_avg_turns,sate_padang,151.0
2,random,recipe_win_rate,ikan_bakar,12.0
2,random,recipe_avg_turns,ikan_bakar,89.6666666666667
2,random,recipe_win_rate,doro_wat,14.0
2,random,recipe_avg_turns,doro_wat,131.857142857143
2,random,recipe_win_rate,nyama_choma,10.0
2,random,recipe_avg_turns,nyama_choma,138.6
2,random,recipe_win_rate,akoho_sy_voanio,10.0
2,random,recipe_avg_turns,akoho_sy_voanio,105.2
2,random,recipe_win_rate,cari_cabri,2.0
2,random,recipe_avg_turns,cari_cabri,110.0
2,random,recipe_win_rate,yassa_poulet,8.0
2,random,recipe_avg_turns,yassa_poulet,120.5
2,random,recipe_win_rate,braai_steak,6.0
2,random,recipe_avg_turns,braai_steak,120.0
2,random,tier_win_rate,feast,38.0
2,random,tier_win_rate,quick,62.0
2,random,slot_win_rate,slot0,54.0
2,random,slot_win_rate,slot1,46.0
2,random,starvation_by_card,chopping,4
4,heuristic,summary,games,50
4,heuristic,summary,capped_rate_pct,0.0
4,heuristic,summary,decisive_games,50
4,heuristic,summary,capped_games,0
4,heuristic,summary,turns_mean,70.18
4,heuristic,summary,turns_median,68.5
4,heuristic,summary,turns_p10,43.9
4,heuristic,summary,turns_p90,100.5
4,heuristic,summary,minutes_mean,14.036
4,heuristic,summary,minutes_median,13.7
4,heuristic,summary,minutes_p10,8.78
4,heuristic,summary,minutes_p90,20.1
4,heuristic,summary,steals_mean,15.98
4,heuristic,summary,reshuffles_mean,0.34
4,heuristic,summary,starvation_mean,5.62
4,heuristic,seat_win_rate,1,20.0
4,heuristic,seat_win_rate,0,24.0
4,heuristic,seat_win_rate,3,34.0
4,heuristic,seat_win_rate,2,22.0
4,heuristic,recipe_win_rate,akoho_sy_voanio,24.0
4,heuristic,recipe_avg_turns,akoho_sy_voanio,73.6666666666667
4,heuristic,recipe_win_rate,ikan_bakar,16.0
4,heuristic,recipe_avg_turns,ikan_bakar,67.625
4,heuristic,recipe_win_rate,ayam_panggang,26.0
4,heuristic,recipe_avg_turns,ayam_panggang,60.3076923076923
4,heuristic,recipe_win_rate,sate_padang,2.0
4,heuristic,recipe_avg_turns,sate_padang,64.0
4,heuristic,recipe_win_rate,braai_steak,10.0
4,heuristic,recipe_avg_turns,braai_steak,71.8
4,heuristic,recipe_win_rate,nyama_choma,12.0
4,heuristic,recipe_avg_turns,nyama_choma,79.8333333333333
4,heuristic,recipe_win_rate,rougay_pwason,4.0
4,heuristic,recipe_avg_turns,rougay_pwason,73.5
4,heuristic,recipe_win_rate,creole_fish_curry,2.0
4,heuristic,recipe_avg_turns,creole_fish_curry,107.0
4,heuristic,recipe_win_rate,cari_cabri,2.0
4,heuristic,recipe_avg_turns,cari_cabri,75.0
4,heuristic,recipe_win_rate,jerk_chicken,2.0
4,heuristic,recipe_avg_turns,jerk_chicken,69.0
4,heuristic,tier_win_rate,quick,92.0
4,heuristic,tier_win_rate,feast,8.0
4,heuristic,slot_win_rate,slot0,72.0
4,heuristic,slot_win_rate,slot1,28.0
4,heuristic,starvation_by_card,lime,25
4,heuristic,starvation_by_card,frying,10
4,heuristic,starvation_by_card,goat,24
4,heuristic,starvation_by_card,beef,24
4,heuristic,starvation_by_card,grinding,22
4,heuristic,starvation_by_card,marinating,44
4,heuristic,starvation_by_card,fresh_herbs,14
4,heuristic,starvation_by_card,tomato,33
4,heuristic,starvation_by_card,fish,24
4,heuristic,starvation_by_card,chopping,17
4,heuristic,starvation_by_card,simmering,5
4,heuristic,starvation_by_card,eggs,10
4,heuristic,starvation_by_card,coconut_milk,6
4,heuristic,starvation_by_card,salt_pepper,4
4,heuristic,starvation_by_card,mixing,12
4,heuristic,starvation_by_card,garlic,3
4,heuristic,starvation_by_card,chili,4
4,random,summary,games,50
4,random,summary,capped_rate_pct,0.0
4,random,summary,decisive_games,50
4,random,summary,capped_games,0
4,random,summary,turns_mean,194.26
4,random,summary,turns_median,188.5
4,random,summary,turns_p10,138.7
4,random,summary,turns_p90,256.9
4,random,summary,minutes_mean,38.852
4,random,summary,minutes_median,37.7
4,random,summary,minutes_p10,27.74
4,random,summary,minutes_p90,51.38
4,random,summary,steals_mean,16.0
4,random,summary,reshuffles_mean,1.04
4,random,summary,starvation_mean,14.12
4,random,seat_win_rate,2,28.0
4,random,seat_win_rate,3,22.0
4,random,seat_win_rate,0,30.0
4,random,seat_win_rate,1,20.0
4,random,recipe_win_rate,cari_cabri,4.0
4,random,recipe_avg_turns,cari_cabri,172.5
4,random,recipe_win_rate,braai_steak,20.0
4,random,recipe_avg_turns,braai_steak,171.3
4,random,recipe_win_rate,creole_fish_curry,4.0
4,random,recipe_avg_turns,creole_fish_curry,221.5
4,random,recipe_win_rate,akoho_sy_voanio,8.0
4,random,recipe_avg_turns,akoho_sy_voanio,194.25
4,random,recipe_win_rate,nyama_choma,16.0
4,random,recipe_avg_turns,nyama_choma,200.5
4,random,recipe_win_rate,ayam_panggang,26.0
4,random,recipe_avg_turns,ayam_panggang,182.846153846154
4,random,recipe_win_rate,rougay_pwason,6.0
4,random,recipe_avg_turns,rougay_pwason,217.666666666667
4,random,recipe_win_rate,doro_wat,2.0
4,random,recipe_avg_turns,doro_wat,237.0
4,random,recipe_win_rate,jerk_chicken,4.0
4,random,recipe_avg_turns,jerk_chicken,180.0
4,random,recipe_win_rate,ikan_bakar,10.0
4,random,recipe_avg_turns,ikan_bakar,240.8
4,random,tier_win_rate,feast,14.0
4,random,tier_win_rate,quick,86.0
4,random,slot_win_rate,slot1,58.0
4,random,slot_win_rate,slot0,42.0
4,random,starvation_by_card,goat,32
4,random,starvation_by_card,fish,39
4,random,starvation_by_card,frying,82
4,random,starvation_by_card,fresh_herbs,15
4,random,starvation_by_card,chopping,92
4,random,starvation_by_card,eggs,61
4,random,starvation_by_card,lime,57
4,random,starvation_by_card,simmering,54
4,random,starvation_by_card,coconut_milk,17
4,random,starvation_by_card,chicken,1
4,random,starvation_by_card,mixing,53
4,random,starvation_by_card,salt_pepper,5
4,random,starvation_by_card,marinating,54
4,random,starvation_by_card,beef,39
4,random,starvation_by_card,chili,4
4,random,starvation_by_card,tomato,43
4,random,starvation_by_card,grinding,58
